Designator,Mid X,Mid Y,Rotation,Layer
A1,149.6,-145.7625,0.0,top
BT1,110.4675,-68.0,90.0,bottom
C1,134.8875,-86.25,180.0,top
C10,87.0,-161.5,270.0,top
C11,203.75,-93.75,270.0,top
C12,89.154,-148.07,270.0,top
C13,163.83125,-85.7,0.0,top
C14,141.2,-48.6,0.0,top
C15,135.0,-79.0,0.0,top
C16,130.5,-75.25,180.0,top
C17,169.08125,-68.175,0.0,top
C18,158.8,-58.0,90.0,top
C19,161.8,-104.8,270.0,top
C2,145.0,-87.75,0.0,top
C20,158.8,-104.8,270.0,top
C21,156.5,-58.0,270.0,top
C22,163.3875,-129.5,0.0,top
C25,154.75,-124.25,0.0,bottom
C3,136.25,-117.75,0.0,top
C4,93.98,-68.58,180.0,top
C5,93.98,-65.83,180.0,top
C6,89.154,-89.65,270.0,top
C7,89.154,-131.306,270.0,top
C8,200.406,-60.96,270.0,top
C9,88.5,-112.0,270.0,top
D1,72.0,-72.0,0.0,bottom
D10,88.138,-120.384,270.0,bottom
D11,107.442,-120.384,270.0,bottom
D12,126.238,-120.384,270.0,bottom
D13,69.342,-139.434,270.0,bottom
D14,88.138,-139.434,270.0,bottom
D15,107.442,-139.434,270.0,bottom
D16,126.238,-139.434,270.0,bottom
D17,69.342,-158.484,270.0,bottom
D18,107.442,-158.484,270.0,bottom
D19,194.564,-53.594,270.0,bottom
D2,84.19,-72.0,0.0,bottom
D20,223.012,-53.594,270.0,bottom
D21,189.992,-80.772,270.0,bottom
D22,208.788,-80.772,270.0,bottom
D23,228.092,-80.772,270.0,bottom
D24,218.694,-70.612,0.0,bottom
D25,160.43125,-82.6,90.0,top
D26,160.8,-97.8,90.0,top
D27,155.8,-97.8,90.0,top
D3,63.754,-61.976,180.0,bottom
D4,128.75,-54.06,270.0,bottom
D5,69.342,-101.334,270.0,bottom
D6,88.138,-101.334,270.0,bottom
D7,107.442,-101.334,270.0,bottom
D8,126.238,-101.334,270.0,bottom
D9,69.342,-120.384,270.0,bottom
F1,157.4,-52.0,270.0,top
J3,211.328,-96.2175,180.0,top
J4,192.358,-96.5,180.0,top
J5,130.0,-129.5,90.0,bottom
J6,153.924,-43.328,180.0,top
JP1,133.75,-101.0,270.0,top
JP3,144.78,-113.284,180.0,top
JP4,144.78,-110.744,180.0,top
JP5,144.78,-108.204,180.0,top
L1,160.43125,-72.3,270.0,top
LED1,108.331,-88.634,0.0,bottom
LED10,60.706,-126.734,0.0,bottom
LED11,117.856,-145.784,0.0,bottom
LED12,98.806,-145.784,0.0,bottom
LED13,79.756,-145.784,0.0,bottom
LED14,60.706,-145.784,0.0,bottom
LED15,98.806,-164.834,0.0,bottom
LED16,60.706,-164.834,0.0,bottom
LED17,219.4052,-87.0966,0.0,bottom
LED18,200.3552,-87.0966,0.0,bottom
LED19,181.3052,-87.0966,0.0,bottom
LED2,70.231,-88.634,0.0,bottom
LED20,214.63,-59.944,0.0,bottom
LED21,186.055,-59.944,0.0,bottom
LED3,117.856,-107.684,0.0,bottom
LED4,98.806,-107.684,0.0,bottom
LED5,79.756,-107.684,0.0,bottom
LED6,60.706,-107.684,0.0,bottom
LED7,117.856,-126.734,0.0,bottom
LED8,98.806,-126.734,0.0,bottom
LED9,79.756,-126.734,0.0,bottom
O1,73.474,-53.475,180.0,top
Q1,157.0,-116.4,180.0,top
Q2,164.48125,-64.6,270.0,top
Q3,141.25,-71.0,180.0,top
R1,149.55,-91.25,180.0,top
R10,149.4555,-49.762,180.0,top
R11,149.4555,-51.562,180.0,top
R12,143.0,-80.25,90.0,top
R13,134.8625,-81.751,180.0,top
R14,168.63125,-80.5,0.0,top
R15,169.53125,-85.1,90.0,top
R16,155.6,-68.0,270.0,top
R4,145.8,-99.25,270.0,top
R5,144.8,-121.6,180.0,bottom
R6,144.8,-124.25,180.0,bottom
R7,144.8,-129.2,180.0,bottom
R8,144.8,-131.8,180.0,bottom
R9,143.5,-99.25,270.0,top
RENC1,61.695,-53.475,0.0,top
RENC2,118.226,-53.554,0.0,top
ST_LA1,70.231,-84.42395,0.0,top
ST_LA2,108.331,-84.42395,0.0,top
ST_LE1,98.806,-160.62395,0.0,top
SW1,144.018,-42.672,180.0,top
SW_LA1,70.231,-83.554,0.0,top
SW_LA2,108.331,-83.554,0.0,top
SW_LB1,60.706,-102.604,0.0,top
SW_LB2,79.756,-102.604,0.0,top
SW_LB3,98.806,-102.604,0.0,top
SW_LB4,117.856,-102.604,0.0,top
SW_LC1,60.706,-121.654,0.0,top
SW_LC2,79.756,-121.654,0.0,top
SW_LC3,98.806,-121.654,0.0,top
SW_LC4,117.856,-121.654,0.0,top
SW_LD1,60.706,-140.704,0.0,top
SW_LD2,79.756,-140.704,0.0,top
SW_LD3,98.806,-140.704,0.0,top
SW_LD4,117.856,-140.704,0.0,top
SW_LE1,60.706,-159.754,0.0,top
SW_LE2,98.806,-159.754,0.0,top
SW_MOD1,226.06,-68.652,270.0,top
SW_RA1,186.055,-54.864,0.0,top
SW_RA2,214.63,-54.864,0.0,top
SW_RB1,181.3052,-82.024,0.0,top
SW_RB2,200.3552,-82.024,0.0,top
SW_RB3,219.4052,-82.024,0.0,top
TH1,126.0,-68.0,90.0,top
TP1,86.36,-69.0,180.0,top
TP10,144.78,-66.294,0.0,top
TP11,171.196,-74.168,0.0,top
TP12,181.356,-96.774,0.0,top
TP13,72.644,-65.532,180.0,top
TP14,152.654,-80.01,270.0,top
TP15,70.104,-111.76,0.0,top
TP16,163.576,-115.316,180.0,top
TP17,178.054,-96.774,0.0,top
TP18,70.104,-131.064,0.0,top
TP19,70.104,-150.114,0.0,top
TP2,82.55,-69.0,180.0,top
TP20,73.152,-162.56,0.0,top
TP21,222.504,-93.726,0.0,top
TP22,210.82,-68.834,0.0,top
TP23,66.548,-69.088,180.0,top
TP24,66.548,-65.532,180.0,top
TP25,101.6,-71.628,0.0,top
TP26,111.252,-62.992,180.0,top
TP27,105.156,-62.992,180.0,top
TP28,99.06,-62.992,180.0,top
TP3,147.574,-74.168,180.0,top
TP4,151.638,-74.168,180.0,top
TP7,136.0,-70.0,0.0,top
TP8,136.0,-66.0,0.0,top
TP9,136.144,-61.976,0.0,top
U1,139.3,-93.3,90.0,top
U2,136.325,-109.925,90.0,top
U3,100.48,-67.08,0.0,top
U4,139.5,-79.0,180.0,top
U5,167.63125,-73.35,270.0,top
